CREATE DATABASE  IF NOT EXISTS `practise` /*!40100 DEFAULT CHARACTER SET utf8mb4 COLLATE utf8mb4_0900_ai_ci */ /*!80016 DEFAULT ENCRYPTION='N' */;
USE `practise`;
-- MySQL dump 10.13  Distrib 8.0.34, for Win64 (x86_64)
--
-- Host: localhost    Database: practise
-- ------------------------------------------------------
-- Server version	8.0.31

/*!40101 SET @OLD_CHARACTER_SET_CLIENT=@@CHARACTER_SET_CLIENT */;
/*!40101 SET @OLD_CHARACTER_SET_RESULTS=@@CHARACTER_SET_RESULTS */;
/*!40101 SET @OLD_COLLATION_CONNECTION=@@COLLATION_CONNECTION */;
/*!50503 SET NAMES utf8 */;
/*!40103 SET @OLD_TIME_ZONE=@@TIME_ZONE */;
/*!40103 SET TIME_ZONE='+00:00' */;
/*!40014 SET @OLD_UNIQUE_CHECKS=@@UNIQUE_CHECKS, UNIQUE_CHECKS=0 */;
/*!40014 SET @OLD_FOREIGN_KEY_CHECKS=@@FOREIGN_KEY_CHECKS, FOREIGN_KEY_CHECKS=0 */;
/*!40101 SET @OLD_SQL_MODE=@@SQL_MODE, SQL_MODE='NO_AUTO_VALUE_ON_ZERO' */;
/*!40111 SET @OLD_SQL_NOTES=@@SQL_NOTES, SQL_NOTES=0 */;

--
-- Table structure for table `advance`
--

DROP TABLE IF EXISTS `advance`;
/*!40101 SET @saved_cs_client     = @@character_set_client */;
/*!50503 SET character_set_client = utf8mb4 */;
CREATE TABLE `advance` (
  `id` bigint NOT NULL AUTO_INCREMENT,
  `amount` decimal(38,2) DEFAULT NULL,
  `employee_id` bigint DEFAULT NULL,
  `reason` varchar(255) DEFAULT NULL,
  `date` varchar(255) DEFAULT NULL,
  PRIMARY KEY (`id`),
  KEY `FKh62etjlrdxk656bate70uf86d` (`employee_id`),
  CONSTRAINT `FKh62etjlrdxk656bate70uf86d` FOREIGN KEY (`employee_id`) REFERENCES `employee` (`id`)
) ENGINE=InnoDB AUTO_INCREMENT=9 DEFAULT CHARSET=utf8mb4 COLLATE=utf8mb4_0900_ai_ci;
/*!40101 SET character_set_client = @saved_cs_client */;

--
-- Dumping data for table `advance`
--

LOCK TABLES `advance` WRITE;
/*!40000 ALTER TABLE `advance` DISABLE KEYS */;
INSERT INTO `advance` VALUES (4,2500.00,7,'Sick','2024-02-22');
/*!40000 ALTER TABLE `advance` ENABLE KEYS */;
UNLOCK TABLES;

--
-- Table structure for table `attendance`
--

DROP TABLE IF EXISTS `attendance`;
/*!40101 SET @saved_cs_client     = @@character_set_client */;
/*!50503 SET character_set_client = utf8mb4 */;
CREATE TABLE `attendance` (
  `id` int NOT NULL AUTO_INCREMENT,
  `check_in` datetime(6) DEFAULT NULL,
  `check_out` datetime(6) DEFAULT NULL,
  `empid` bigint DEFAULT NULL,
  `check_in_date` date DEFAULT NULL,
  PRIMARY KEY (`id`),
  KEY `FKf7s4sspd4ho3qgli0jtstoje3` (`empid`),
  CONSTRAINT `FKf7s4sspd4ho3qgli0jtstoje3` FOREIGN KEY (`empid`) REFERENCES `employee` (`id`)
) ENGINE=InnoDB AUTO_INCREMENT=176 DEFAULT CHARSET=utf8mb4 COLLATE=utf8mb4_0900_ai_ci;
/*!40101 SET character_set_client = @saved_cs_client */;

--
-- Dumping data for table `attendance`
--

LOCK TABLES `attendance` WRITE;
/*!40000 ALTER TABLE `attendance` DISABLE KEYS */;
INSERT INTO `attendance` VALUES (3,'2024-01-02 00:00:00.000000','2024-01-02 00:00:00.000000',3,NULL),(4,'2024-01-03 00:00:00.000000','2024-01-03 00:00:00.000000',3,NULL),(5,'2024-01-04 00:00:00.000000','2024-01-04 00:00:00.000000',3,NULL),(6,'2024-01-05 00:00:00.000000','2024-01-05 00:00:00.000000',3,NULL),(7,'2024-01-02 00:00:00.000000','2024-01-02 00:00:00.000000',5,NULL),(8,'2024-01-03 00:00:00.000000','2024-01-03 00:00:00.000000',5,NULL),(9,'2024-01-04 00:00:00.000000','2024-01-04 00:00:00.000000',5,NULL),(10,'2024-01-05 00:00:00.000000','2024-01-05 00:00:00.000000',5,NULL),(18,'2024-02-02 00:00:00.000000','2024-02-02 00:00:00.000000',5,NULL),(19,'2024-02-03 00:00:00.000000','2024-02-03 00:00:00.000000',5,NULL),(20,'2024-02-04 00:00:00.000000','2024-02-04 00:00:00.000000',5,NULL),(21,'2024-02-05 00:00:00.000000','2024-02-05 00:00:00.000000',5,NULL),(22,'2024-02-06 00:00:00.000000','2024-02-06 00:00:00.000000',5,NULL),(23,'2024-02-02 00:00:00.000000','2024-02-02 00:00:00.000000',3,NULL),(24,'2024-02-03 00:00:00.000000','2024-02-03 00:00:00.000000',3,NULL),(25,'2024-02-05 00:00:00.000000','2024-02-05 00:00:00.000000',3,NULL),(28,'2024-04-01 23:04:53.925000','2024-04-01 23:04:53.925000',4,NULL),(29,'2024-04-02 01:22:16.119000','2024-04-02 01:22:16.120000',3,NULL),(30,'2024-04-02 05:13:21.278000','2024-04-02 05:13:21.278000',5,NULL),(31,'2024-04-02 05:30:15.193000','2024-04-02 05:30:15.193000',6,NULL),(32,'2024-03-01 00:00:00.000000','2024-03-01 00:00:00.000000',3,NULL),(33,'2024-03-01 00:00:00.000000','2024-03-01 00:00:00.000000',4,NULL),(34,'2024-03-01 00:00:00.000000','2024-03-01 00:00:00.000000',5,NULL),(35,'2024-03-01 00:00:00.000000','2024-03-01 00:00:00.000000',6,NULL),(36,'2024-03-01 00:00:00.000000','2024-03-01 00:00:00.000000',7,NULL),(37,'2024-03-01 00:00:00.000000','2024-03-01 00:00:00.000000',8,NULL),(38,'2024-03-02 00:00:00.000000','2024-03-02 00:00:00.000000',3,NULL),(39,'2024-03-02 00:00:00.000000','2024-03-02 00:00:00.000000',4,NULL),(40,'2024-03-02 00:00:00.000000','2024-03-02 00:00:00.000000',5,NULL),(41,'2024-03-02 00:00:00.000000','2024-03-02 00:00:00.000000',6,NULL),(42,'2024-03-02 00:00:00.000000','2024-03-02 00:00:00.000000',7,NULL),(43,'2024-03-02 00:00:00.000000','2024-03-02 00:00:00.000000',8,NULL),(44,'2024-03-03 00:00:00.000000','2024-03-03 00:00:00.000000',3,NULL),(45,'2024-03-03 00:00:00.000000','2024-03-03 00:00:00.000000',4,NULL),(46,'2024-03-03 00:00:00.000000','2024-03-03 00:00:00.000000',5,NULL),(47,'2024-03-03 00:00:00.000000','2024-03-03 00:00:00.000000',6,NULL),(48,'2024-03-03 00:00:00.000000','2024-03-03 00:00:00.000000',7,NULL),(49,'2024-03-03 00:00:00.000000','2024-03-03 00:00:00.000000',8,NULL),(50,'2024-03-04 00:00:00.000000','2024-03-04 00:00:00.000000',3,NULL),(51,'2024-03-04 00:00:00.000000','2024-03-04 00:00:00.000000',4,NULL),(52,'2024-03-04 00:00:00.000000','2024-03-04 00:00:00.000000',5,NULL),(53,'2024-03-04 00:00:00.000000','2024-03-04 00:00:00.000000',6,NULL),(54,'2024-03-04 00:00:00.000000','2024-03-04 00:00:00.000000',7,NULL),(55,'2024-03-04 00:00:00.000000','2024-03-04 00:00:00.000000',8,NULL),(56,'2024-03-05 00:00:00.000000','2024-03-05 00:00:00.000000',3,NULL),(57,'2024-03-05 00:00:00.000000','2024-03-05 00:00:00.000000',4,NULL),(58,'2024-03-05 00:00:00.000000','2024-03-05 00:00:00.000000',5,NULL),(59,'2024-03-05 00:00:00.000000','2024-03-05 00:00:00.000000',6,NULL),(60,'2024-03-05 00:00:00.000000','2024-03-05 00:00:00.000000',7,NULL),(61,'2024-03-05 00:00:00.000000','2024-03-05 00:00:00.000000',8,NULL),(62,'2024-03-07 00:00:00.000000','2024-03-07 00:00:00.000000',3,NULL),(63,'2024-03-07 00:00:00.000000','2024-03-07 00:00:00.000000',4,NULL),(64,'2024-03-07 00:00:00.000000','2024-03-07 00:00:00.000000',5,NULL),(65,'2024-03-07 00:00:00.000000','2024-03-07 00:00:00.000000',6,NULL),(66,'2024-03-07 00:00:00.000000','2024-03-07 00:00:00.000000',7,NULL),(67,'2024-03-07 00:00:00.000000','2024-03-07 00:00:00.000000',8,NULL),(68,'2024-03-08 00:00:00.000000','2024-03-08 00:00:00.000000',3,NULL),(69,'2024-03-08 00:00:00.000000','2024-03-08 00:00:00.000000',4,NULL),(70,'2024-03-08 00:00:00.000000','2024-03-08 00:00:00.000000',5,NULL),(71,'2024-03-08 00:00:00.000000','2024-03-08 00:00:00.000000',6,NULL),(72,'2024-03-08 00:00:00.000000','2024-03-08 00:00:00.000000',7,NULL),(73,'2024-03-08 00:00:00.000000','2024-03-08 00:00:00.000000',8,NULL),(74,'2024-03-09 00:00:00.000000','2024-03-09 00:00:00.000000',3,NULL),(75,'2024-03-09 00:00:00.000000','2024-03-09 00:00:00.000000',4,NULL),(76,'2024-03-09 00:00:00.000000','2024-03-09 00:00:00.000000',5,NULL),(77,'2024-03-09 00:00:00.000000','2024-03-09 00:00:00.000000',6,NULL),(78,'2024-03-09 00:00:00.000000','2024-03-09 00:00:00.000000',7,NULL),(79,'2024-03-09 00:00:00.000000','2024-03-09 00:00:00.000000',8,NULL),(80,'2024-03-10 00:00:00.000000','2024-03-10 00:00:00.000000',3,NULL),(81,'2024-03-10 00:00:00.000000','2024-03-10 00:00:00.000000',4,NULL),(82,'2024-03-10 00:00:00.000000','2024-03-10 00:00:00.000000',5,NULL),(83,'2024-03-10 00:00:00.000000','2024-03-10 00:00:00.000000',6,NULL),(84,'2024-03-10 00:00:00.000000','2024-03-10 00:00:00.000000',7,NULL),(85,'2024-03-10 00:00:00.000000','2024-03-10 00:00:00.000000',8,NULL),(86,'2024-03-11 00:00:00.000000','2024-03-11 00:00:00.000000',3,NULL),(87,'2024-03-11 00:00:00.000000','2024-03-11 00:00:00.000000',4,NULL),(88,'2024-03-11 00:00:00.000000','2024-03-11 00:00:00.000000',5,NULL),(89,'2024-03-11 00:00:00.000000','2024-03-11 00:00:00.000000',6,NULL),(90,'2024-03-11 00:00:00.000000','2024-03-11 00:00:00.000000',7,NULL),(91,'2024-03-11 00:00:00.000000','2024-03-11 00:00:00.000000',8,NULL),(92,'2024-03-12 00:00:00.000000','2024-03-12 00:00:00.000000',3,NULL),(93,'2024-03-12 00:00:00.000000','2024-03-12 00:00:00.000000',4,NULL),(94,'2024-03-12 00:00:00.000000','2024-03-12 00:00:00.000000',5,NULL),(95,'2024-03-12 00:00:00.000000','2024-03-12 00:00:00.000000',6,NULL),(96,'2024-03-12 00:00:00.000000','2024-03-12 00:00:00.000000',7,NULL),(97,'2024-03-12 00:00:00.000000','2024-03-12 00:00:00.000000',8,NULL),(98,'2024-03-14 00:00:00.000000','2024-03-14 00:00:00.000000',3,NULL),(99,'2024-03-14 00:00:00.000000','2024-03-14 00:00:00.000000',4,NULL),(100,'2024-03-14 00:00:00.000000','2024-03-14 00:00:00.000000',5,NULL),(101,'2024-03-14 00:00:00.000000','2024-03-14 00:00:00.000000',6,NULL),(102,'2024-03-14 00:00:00.000000','2024-03-14 00:00:00.000000',7,NULL),(103,'2024-03-14 00:00:00.000000','2024-03-14 00:00:00.000000',8,NULL),(104,'2024-03-16 00:00:00.000000','2024-03-16 00:00:00.000000',3,NULL),(105,'2024-03-16 00:00:00.000000','2024-03-16 00:00:00.000000',4,NULL),(106,'2024-03-16 00:00:00.000000','2024-03-16 00:00:00.000000',5,NULL),(107,'2024-03-16 00:00:00.000000','2024-03-16 00:00:00.000000',6,NULL),(108,'2024-03-16 00:00:00.000000','2024-03-16 00:00:00.000000',7,NULL),(109,'2024-03-16 00:00:00.000000','2024-03-16 00:00:00.000000',8,NULL),(110,'2024-03-18 00:00:00.000000','2024-03-18 00:00:00.000000',3,NULL),(111,'2024-03-18 00:00:00.000000','2024-03-18 00:00:00.000000',4,NULL),(112,'2024-03-18 00:00:00.000000','2024-03-18 00:00:00.000000',5,NULL),(113,'2024-03-18 00:00:00.000000','2024-03-18 00:00:00.000000',6,NULL),(114,'2024-03-18 00:00:00.000000','2024-03-18 00:00:00.000000',7,NULL),(115,'2024-03-18 00:00:00.000000','2024-03-18 00:00:00.000000',8,NULL),(116,'2024-03-19 00:00:00.000000','2024-03-19 00:00:00.000000',3,NULL),(117,'2024-03-19 00:00:00.000000','2024-03-19 00:00:00.000000',4,NULL),(118,'2024-03-19 00:00:00.000000','2024-03-19 00:00:00.000000',5,NULL),(119,'2024-03-19 00:00:00.000000','2024-03-19 00:00:00.000000',6,NULL),(120,'2024-03-19 00:00:00.000000','2024-03-19 00:00:00.000000',7,NULL),(121,'2024-03-19 00:00:00.000000','2024-03-19 00:00:00.000000',8,NULL),(122,'2024-03-21 00:00:00.000000','2024-03-21 00:00:00.000000',3,NULL),(123,'2024-03-21 00:00:00.000000','2024-03-21 00:00:00.000000',4,NULL),(124,'2024-03-21 00:00:00.000000','2024-03-21 00:00:00.000000',5,NULL),(125,'2024-03-21 00:00:00.000000','2024-03-21 00:00:00.000000',6,NULL),(126,'2024-03-21 00:00:00.000000','2024-03-21 00:00:00.000000',7,NULL),(127,'2024-03-21 00:00:00.000000','2024-03-21 00:00:00.000000',8,NULL),(128,'2024-03-22 00:00:00.000000','2024-03-22 00:00:00.000000',3,NULL),(129,'2024-03-22 00:00:00.000000','2024-03-22 00:00:00.000000',4,NULL),(130,'2024-03-22 00:00:00.000000','2024-03-22 00:00:00.000000',5,NULL),(131,'2024-03-22 00:00:00.000000','2024-03-22 00:00:00.000000',6,NULL),(132,'2024-03-22 00:00:00.000000','2024-03-22 00:00:00.000000',7,NULL),(133,'2024-03-22 00:00:00.000000','2024-03-22 00:00:00.000000',8,NULL),(134,'2024-03-24 00:00:00.000000','2024-03-24 00:00:00.000000',3,NULL),(135,'2024-03-24 00:00:00.000000','2024-03-24 00:00:00.000000',4,NULL),(136,'2024-03-24 00:00:00.000000','2024-03-24 00:00:00.000000',5,NULL),(137,'2024-03-24 00:00:00.000000','2024-03-24 00:00:00.000000',6,NULL),(138,'2024-03-24 00:00:00.000000','2024-03-24 00:00:00.000000',7,NULL),(139,'2024-03-24 00:00:00.000000','2024-03-24 00:00:00.000000',8,NULL),(140,'2024-03-25 00:00:00.000000','2024-03-25 00:00:00.000000',3,NULL),(141,'2024-03-25 00:00:00.000000','2024-03-25 00:00:00.000000',4,NULL),(142,'2024-03-25 00:00:00.000000','2024-03-25 00:00:00.000000',5,NULL),(143,'2024-03-25 00:00:00.000000','2024-03-25 00:00:00.000000',6,NULL),(144,'2024-03-25 00:00:00.000000','2024-03-25 00:00:00.000000',7,NULL),(145,'2024-03-25 00:00:00.000000','2024-03-25 00:00:00.000000',8,NULL),(146,'2024-03-27 00:00:00.000000','2024-03-27 00:00:00.000000',3,NULL),(147,'2024-03-27 00:00:00.000000','2024-03-27 00:00:00.000000',4,NULL),(148,'2024-03-27 00:00:00.000000','2024-03-27 00:00:00.000000',5,NULL),(149,'2024-03-27 00:00:00.000000','2024-03-27 00:00:00.000000',6,NULL),(150,'2024-03-27 00:00:00.000000','2024-03-27 00:00:00.000000',7,NULL),(151,'2024-03-27 00:00:00.000000','2024-03-27 00:00:00.000000',8,NULL),(152,'2024-03-28 00:00:00.000000','2024-03-28 00:00:00.000000',3,NULL),(153,'2024-03-28 00:00:00.000000','2024-03-28 00:00:00.000000',4,NULL),(154,'2024-03-28 00:00:00.000000','2024-03-28 00:00:00.000000',5,NULL),(155,'2024-03-28 00:00:00.000000','2024-03-28 00:00:00.000000',6,NULL),(156,'2024-03-28 00:00:00.000000','2024-03-28 00:00:00.000000',7,NULL),(157,'2024-03-28 00:00:00.000000','2024-03-28 00:00:00.000000',8,NULL),(158,'2024-03-29 00:00:00.000000','2024-03-29 00:00:00.000000',3,NULL),(159,'2024-03-29 00:00:00.000000','2024-03-29 00:00:00.000000',4,NULL),(160,'2024-03-29 00:00:00.000000','2024-03-29 00:00:00.000000',5,NULL),(161,'2024-03-29 00:00:00.000000','2024-03-29 00:00:00.000000',6,NULL),(162,'2024-03-29 00:00:00.000000','2024-03-29 00:00:00.000000',7,NULL),(163,'2024-03-29 00:00:00.000000','2024-03-29 00:00:00.000000',8,NULL),(164,'2024-03-30 00:00:00.000000','2024-03-30 00:00:00.000000',3,NULL),(165,'2024-03-30 00:00:00.000000','2024-03-30 00:00:00.000000',4,NULL),(166,'2024-03-30 00:00:00.000000','2024-03-30 00:00:00.000000',5,NULL),(167,'2024-03-30 00:00:00.000000','2024-03-30 00:00:00.000000',6,NULL),(168,'2024-03-30 00:00:00.000000','2024-03-30 00:00:00.000000',7,NULL),(169,'2024-03-30 00:00:00.000000','2024-03-30 00:00:00.000000',8,NULL),(170,'2024-03-31 00:00:00.000000','2024-03-31 00:00:00.000000',3,NULL),(171,'2024-03-31 00:00:00.000000','2024-03-31 00:00:00.000000',4,NULL),(172,'2024-03-31 00:00:00.000000','2024-03-31 00:00:00.000000',5,NULL),(173,'2024-03-31 00:00:00.000000','2024-03-31 00:00:00.000000',6,NULL),(174,'2024-03-31 00:00:00.000000','2024-03-31 00:00:00.000000',7,NULL),(175,'2024-03-31 00:00:00.000000','2024-03-31 00:00:00.000000',8,NULL);
/*!40000 ALTER TABLE `attendance` ENABLE KEYS */;
UNLOCK TABLES;

--
-- Table structure for table `bonus`
--

DROP TABLE IF EXISTS `bonus`;
/*!40101 SET @saved_cs_client     = @@character_set_client */;
/*!50503 SET character_set_client = utf8mb4 */;
CREATE TABLE `bonus` (
  `id` bigint NOT NULL AUTO_INCREMENT,
  `amount` decimal(38,2) DEFAULT NULL,
  `employee_id` bigint DEFAULT NULL,
  `bonus_date` varchar(255) DEFAULT NULL,
  PRIMARY KEY (`id`),
  KEY `FK4518bv68y4abo4muqqqrurlhn` (`employee_id`),
  CONSTRAINT `FK4518bv68y4abo4muqqqrurlhn` FOREIGN KEY (`employee_id`) REFERENCES `employee` (`id`)
) ENGINE=InnoDB AUTO_INCREMENT=9 DEFAULT CHARSET=utf8mb4 COLLATE=utf8mb4_0900_ai_ci;
/*!40101 SET character_set_client = @saved_cs_client */;

--
-- Dumping data for table `bonus`
--

LOCK TABLES `bonus` WRITE;
/*!40000 ALTER TABLE `bonus` DISABLE KEYS */;
INSERT INTO `bonus` VALUES (3,450.00,5,'2024-02-23'),(5,25000.00,3,'2024-02-23'),(6,500.00,4,'2024-02-23'),(7,500.00,7,'2024-02-23'),(8,250.00,6,'2024-02-21');
/*!40000 ALTER TABLE `bonus` ENABLE KEYS */;
UNLOCK TABLES;

--
-- Table structure for table `department`
--

DROP TABLE IF EXISTS `department`;
/*!40101 SET @saved_cs_client     = @@character_set_client */;
/*!50503 SET character_set_client = utf8mb4 */;
CREATE TABLE `department` (
  `id` int NOT NULL AUTO_INCREMENT,
  `dept_name` varchar(255) DEFAULT NULL,
  PRIMARY KEY (`id`)
) ENGINE=InnoDB AUTO_INCREMENT=5 DEFAULT CHARSET=utf8mb4 COLLATE=utf8mb4_0900_ai_ci;
/*!40101 SET character_set_client = @saved_cs_client */;

--
-- Dumping data for table `department`
--

LOCK TABLES `department` WRITE;
/*!40000 ALTER TABLE `department` DISABLE KEYS */;
INSERT INTO `department` VALUES (1,'Accounting'),(2,'Finance'),(3,'Accounting'),(4,'Management');
/*!40000 ALTER TABLE `department` ENABLE KEYS */;
UNLOCK TABLES;

--
-- Table structure for table `emp_leave`
--

DROP TABLE IF EXISTS `emp_leave`;
/*!40101 SET @saved_cs_client     = @@character_set_client */;
/*!50503 SET character_set_client = utf8mb4 */;
CREATE TABLE `emp_leave` (
  `id` int NOT NULL AUTO_INCREMENT,
  `contact` varchar(255) DEFAULT NULL,
  `leave_date` varchar(255) DEFAULT NULL,
  `leave_reason` varchar(255) DEFAULT NULL,
  `employee_id` bigint DEFAULT NULL,
  `is_grant` bit(1) NOT NULL,
  PRIMARY KEY (`id`),
  KEY `FKtgxwanjnsn616t5kt97rod34q` (`employee_id`),
  CONSTRAINT `FKtgxwanjnsn616t5kt97rod34q` FOREIGN KEY (`employee_id`) REFERENCES `employee` (`id`)
) ENGINE=InnoDB AUTO_INCREMENT=6 DEFAULT CHARSET=utf8mb4 COLLATE=utf8mb4_0900_ai_ci;
/*!40101 SET character_set_client = @saved_cs_client */;

--
-- Dumping data for table `emp_leave`
--

LOCK TABLES `emp_leave` WRITE;
/*!40000 ALTER TABLE `emp_leave` DISABLE KEYS */;
INSERT INTO `emp_leave` VALUES (1,'45646464','2024-02-14','sick',3,_binary ''),(2,'1131464646','2024-02-21','sick',4,_binary '\0'),(3,'01234567890','2024-04-01','family ',3,_binary '\0'),(4,'01369546464','2024-04-01','sick',5,_binary '\0'),(5,'01303686210','2024-04-01','family',6,_binary '\0');
/*!40000 ALTER TABLE `emp_leave` ENABLE KEYS */;
UNLOCK TABLES;

--
-- Table structure for table `employee`
--

DROP TABLE IF EXISTS `employee`;
/*!40101 SET @saved_cs_client     = @@character_set_client */;
/*!50503 SET character_set_client = utf8mb4 */;
CREATE TABLE `employee` (
  `id` bigint NOT NULL AUTO_INCREMENT,
  `contact` varchar(255) NOT NULL,
  `email` varchar(255) NOT NULL,
  `gender` varchar(255) NOT NULL,
  `joining_date` date NOT NULL,
  `name` varchar(255) NOT NULL,
  `salary` varchar(255) NOT NULL,
  `department_id` int DEFAULT NULL,
  PRIMARY KEY (`id`),
  UNIQUE KEY `UK_fopic1oh5oln2khj8eat6ino0` (`email`),
  KEY `FKbejtwvg9bxus2mffsm3swj3u9` (`department_id`),
  CONSTRAINT `FKbejtwvg9bxus2mffsm3swj3u9` FOREIGN KEY (`department_id`) REFERENCES `department` (`id`)
) ENGINE=InnoDB AUTO_INCREMENT=9 DEFAULT CHARSET=utf8mb4 COLLATE=utf8mb4_0900_ai_ci;
/*!40101 SET character_set_client = @saved_cs_client */;

--
-- Dumping data for table `employee`
--

LOCK TABLES `employee` WRITE;
/*!40000 ALTER TABLE `employee` DISABLE KEYS */;
INSERT INTO `employee` VALUES (3,'01234567890','shohab@example.com','male','2022-01-01','Shohab Shikdar','50000',1),(4,'01144454545','anis@gmail.com','male','2024-02-12','Anis Rahman','25000',3),(5,'01369546464','taskinhasan@gmail.com','male','2024-02-20','Taskin Hasan','23000',2),(6,'01303686210','tameem@gmail.com','male','2024-02-21','Tameem Islam','15000',2),(7,'01303686210','tahmid@gmail.com','male','2024-02-14','Tahmid Haque','15000',2),(8,'01839465689','fatema7@gmail.com','female','2024-02-14','Fatema Tuz Zohora','50000',1);
/*!40000 ALTER TABLE `employee` ENABLE KEYS */;
UNLOCK TABLES;

--
-- Table structure for table `salary`
--

DROP TABLE IF EXISTS `salary`;
/*!40101 SET @saved_cs_client     = @@character_set_client */;
/*!50503 SET character_set_client = utf8mb4 */;
CREATE TABLE `salary` (
  `id` bigint NOT NULL AUTO_INCREMENT,
  `amount` decimal(38,2) DEFAULT NULL,
  `date` varchar(255) DEFAULT NULL,
  `employee_id` bigint DEFAULT NULL,
  `total_amount` decimal(38,2) DEFAULT NULL,
  `emp_advance` decimal(38,2) DEFAULT NULL,
  `emp_bonus` decimal(38,2) DEFAULT NULL,
  `total_salary` decimal(38,2) DEFAULT NULL,
  `emp_fines` varchar(255) DEFAULT NULL,
  `emp_leaves` varchar(255) DEFAULT NULL,
  `emp_present` varchar(255) DEFAULT NULL,
  `empabsent` varchar(255) DEFAULT NULL,
  `empworkingdays` varchar(255) DEFAULT NULL,
  `working_days` varchar(255) DEFAULT NULL,
  PRIMARY KEY (`id`),
  KEY `FKnlnv3jbyvbiu8ci59r3btlk00` (`employee_id`),
  CONSTRAINT `FKnlnv3jbyvbiu8ci59r3btlk00` FOREIGN KEY (`employee_id`) REFERENCES `employee` (`id`)
) ENGINE=InnoDB AUTO_INCREMENT=19 DEFAULT CHARSET=utf8mb4 COLLATE=utf8mb4_0900_ai_ci;
/*!40101 SET character_set_client = @saved_cs_client */;

--
-- Dumping data for table `salary`
--

LOCK TABLES `salary` WRITE;
/*!40000 ALTER TABLE `salary` DISABLE KEYS */;
INSERT INTO `salary` VALUES (2,12500.00,'2024-02-23',4,12200.00,NULL,NULL,12200.00,NULL,NULL,NULL,NULL,NULL,NULL),(4,25000.00,'2024-01-23',5,25900.00,NULL,NULL,25900.00,NULL,NULL,NULL,NULL,NULL,NULL),(5,2500.00,'2024-02-23',3,2250.00,NULL,NULL,2250.00,NULL,NULL,NULL,NULL,NULL,NULL),(6,2500.00,'2024-02-23',3,2250.00,NULL,NULL,2250.00,NULL,NULL,NULL,NULL,NULL,NULL),(7,2500.00,'2024-02-23',3,2250.00,NULL,NULL,2250.00,NULL,NULL,NULL,NULL,NULL,NULL),(8,23000.00,'2024-01-23',5,NULL,NULL,NULL,NULL,NULL,NULL,NULL,NULL,NULL,NULL),(9,23000.00,'2024-01-23',5,2250.00,NULL,NULL,2250.00,NULL,NULL,NULL,NULL,NULL,NULL);
/*!40000 ALTER TABLE `salary` ENABLE KEYS */;
UNLOCK TABLES;

--
-- Table structure for table `user`
--

DROP TABLE IF EXISTS `user`;
/*!40101 SET @saved_cs_client     = @@character_set_client */;
/*!50503 SET character_set_client = utf8mb4 */;
CREATE TABLE `user` (
  `user_id` int NOT NULL AUTO_INCREMENT,
  `password` varchar(255) DEFAULT NULL,
  `emp_id` bigint DEFAULT NULL,
  PRIMARY KEY (`user_id`),
  KEY `FKpgwd5fnhtf1rxclepvtva55rp` (`emp_id`),
  CONSTRAINT `FKpgwd5fnhtf1rxclepvtva55rp` FOREIGN KEY (`emp_id`) REFERENCES `employee` (`id`)
) ENGINE=InnoDB AUTO_INCREMENT=4 DEFAULT CHARSET=utf8mb4 COLLATE=utf8mb4_0900_ai_ci;
/*!40101 SET character_set_client = @saved_cs_client */;

--
-- Dumping data for table `user`
--

LOCK TABLES `user` WRITE;
/*!40000 ALTER TABLE `user` DISABLE KEYS */;
INSERT INTO `user` VALUES (1,'1234',3),(2,'1234',3),(3,'1234',4);
/*!40000 ALTER TABLE `user` ENABLE KEYS */;
UNLOCK TABLES;
/*!40103 SET TIME_ZONE=@OLD_TIME_ZONE */;

/*!40101 SET SQL_MODE=@OLD_SQL_MODE */;
/*!40014 SET FOREIGN_KEY_CHECKS=@OLD_FOREIGN_KEY_CHECKS */;
/*!40014 SET UNIQUE_CHECKS=@OLD_UNIQUE_CHECKS */;
/*!40101 SET CHARACTER_SET_CLIENT=@OLD_CHARACTER_SET_CLIENT */;
/*!40101 SET CHARACTER_SET_RESULTS=@OLD_CHARACTER_SET_RESULTS */;
/*!40101 SET COLLATION_CONNECTION=@OLD_COLLATION_CONNECTION */;
/*!40111 SET SQL_NOTES=@OLD_SQL_NOTES */;

-- Dump completed on 2024-04-03 12:55:26
